id;auth_user_id;organization_name;contact_email;contact_phone;created_at;updated_at
1;32031;lest whenever ack;well-lit which;present next;2026-06-05T06:09:34;2026-06-05T16:54:30
2;14805;blowgun venom into;zowie mmm where;cap;2026-06-06T01:13:03;2026-06-05T09:08:25
3;19695;questionably lazily;acquaintance reluctantly;what;2026-06-06T02:30:15;2026-06-05T15:34:49
4;7225;aside finally lifestyle;opposite;founder worth;2026-06-06T02:24:57;2026-06-05T20:49:37
5;32572;of apropos;meh inculcate;till insolence;2026-06-05T06:38:03;2026-06-05T06:34:12
6;412;gladly row;relative unimpressively;save;2026-06-06T02:52:09;2026-06-05T19:29:37
7;511;though meanwhile without;mom;gazebo gosh liberali;2026-06-05T18:53:00;2026-06-06T03:01:20
8;19838;pack likable;acceptable but give;acceptable heighten ;2026-06-05T22:02:05;2026-06-05T13:36:38
9;26696;mathematics speedily;cultivated intervention;afore zowie;2026-06-05T22:28:48;2026-06-06T03:43:29
10;2765;greatly oof yowza;huzzah hm courageously;leading;2026-06-05T11:22:42;2026-06-05T14:27:33
